[{"model": "admin.logentry", "pk": 1, "fields": {"action_time": "2020-10-05T00:40:10.665Z", "user": 1, "content_type": 7, "object_id": "1", "object_repr": "Topic object (1)", "action_flag": 1, "change_message": "[{\"added\": {}}]"}}, {"model": "admin.logentry", "pk": 2, "fields": {"action_time": "2020-10-05T00:40:17.203Z", "user": 1, "content_type": 7, "object_id": "2", "object_repr": "Topic object (2)", "action_flag": 1, "change_message": "[{\"added\": {}}]"}}, {"model": "admin.logentry", "pk": 3, "fields": {"action_time": "2020-10-05T00:40:46.570Z", "user": 1, "content_type": 7, "object_id": "2", "object_repr": "Topic object (2)", "action_flag": 2, "change_message": "[]"}}, {"model": "admin.logentry", "pk": 4, "fields": {"action_time": "2020-10-05T00:41:02.149Z", "user": 1, "content_type": 7, "object_id": "3", "object_repr": "Topic object (3)", "action_flag": 1, "change_message": "[{\"added\": {}}]"}}, {"model": "admin.logentry", "pk": 5, "fields": {"action_time": "2020-10-05T00:41:11.764Z", "user": 1, "content_type": 7, "object_id": "4", "object_repr": "Topic object (4)", "action_flag": 1, "change_message": "[{\"added\": {}}]"}}, {"model": "admin.logentry", "pk": 6, "fields": {"action_time": "2020-10-05T00:41:18.084Z", "user": 1, "content_type": 7, "object_id": "5", "object_repr": "Topic object (5)", "action_flag": 1, "change_message": "[{\"added\": {}}]"}}, {"model": "admin.logentry", "pk": 7, "fields": {"action_time": "2020-10-05T00:42:01.450Z", "user": 1, "content_type": 7, "object_id": "5", "object_repr": "Topic object (5)", "action_flag": 2, "change_message": "[]"}}, {"model": "admin.logentry", "pk": 8, "fields": {"action_time": "2020-10-05T01:31:54.250Z", "user": 1, "content_type": 8, "object_id": "1", "object_repr": "Course object (1)", "action_flag": 1, "change_message": "[{\"added\": {}}]"}}, {"model": "admin.logentry", "pk": 9, "fields": {"action_time": "2020-10-05T01:32:51.134Z", "user": 1, "content_type": 8, "object_id": "2", "object_repr": "Course object (2)", "action_flag": 1, "change_message": "[{\"added\": {}}]"}}, {"model": "admin.logentry", "pk": 10, "fields": {"action_time": "2020-10-05T01:33:00.883Z", "user": 1, "content_type": 8, "object_id": "1", "object_repr": "Course object (1)", "action_flag": 2, "change_message": "[{\"changed\": {\"fields\": [\"For everyone\"]}}]"}}, {"model": "admin.logentry", "pk": 11, "fields": {"action_time": "2020-10-05T01:33:25.459Z", "user": 1, "content_type": 8, "object_id": "3", "object_repr": "Course object (3)", "action_flag": 1, "change_message": "[{\"added\": {}}]"}}, {"model": "admin.logentry", "pk": 12, "fields": {"action_time": "2020-10-05T01:33:34.766Z", "user": 1, "content_type": 8, "object_id": "3", "object_repr": "Course object (3)", "action_flag": 2, "change_message": "[{\"changed\": {\"fields\": [\"For everyone\"]}}]"}}, {"model": "admin.logentry", "pk": 13, "fields": {"action_time": "2020-10-05T01:33:57.015Z", "user": 1, "content_type": 8, "object_id": "4", "object_repr": "Course object (4)", "action_flag": 1, "change_message": "[{\"added\": {}}]"}}, {"model": "admin.logentry", "pk": 14, "fields": {"action_time": "2020-10-05T01:34:02.587Z", "user": 1, "content_type": 8, "object_id": "3", "object_repr": "Course object (3)", "action_flag": 2, "change_message": "[{\"changed\": {\"fields\": [\"Price\"]}}]"}}, {"model": "admin.logentry", "pk": 15, "fields": {"action_time": "2020-10-05T01:34:06.608Z", "user": 1, "content_type": 8, "object_id": "2", "object_repr": "Course object (2)", "action_flag": 2, "change_message": "[]"}}, {"model": "admin.logentry", "pk": 16, "fields": {"action_time": "2020-10-05T01:34:34.274Z", "user": 1, "content_type": 8, "object_id": "5", "object_repr": "Course object (5)", "action_flag": 1, "change_message": "[{\"added\": {}}]"}}, {"model": "admin.logentry", "pk": 17, "fields": {"action_time": "2020-10-05T01:35:02.743Z", "user": 1, "content_type": 8, "object_id": "6", "object_repr": "Course object (6)", "action_flag": 1, "change_message": "[{\"added\": {}}]"}}, {"model": "admin.logentry", "pk": 18, "fields": {"action_time": "2020-10-05T01:35:18.844Z", "user": 1, "content_type": 8, "object_id": "7", "object_repr": "Course object (7)", "action_flag": 1, "change_message": "[{\"added\": {}}]"}}, {"model": "admin.logentry", "pk": 19, "fields": {"action_time": "2020-10-05T01:35:50.505Z", "user": 1, "content_type": 8, "object_id": "8", "object_repr": "Course object (8)", "action_flag": 1, "change_message": "[{\"added\": {}}]"}}, {"model": "admin.logentry", "pk": 20, "fields": {"action_time": "2020-10-05T01:36:05.725Z", "user": 1, "content_type": 8, "object_id": "9", "object_repr": "Course object (9)", "action_flag": 1, "change_message": "[{\"added\": {}}]"}}, {"model": "admin.logentry", "pk": 21, "fields": {"action_time": "2020-10-05T01:36:27.087Z", "user": 1, "content_type": 8, "object_id": "10", "object_repr": "Course object (10)", "action_flag": 1, "change_message": "[{\"added\": {}}]"}}, {"model": "admin.logentry", "pk": 22, "fields": {"action_time": "2020-10-05T01:36:43.011Z", "user": 1, "content_type": 8, "object_id": "11", "object_repr": "Course object (11)", "action_flag": 1, "change_message": "[{\"added\": {}}]"}}, {"model": "admin.logentry", "pk": 23, "fields": {"action_time": "2020-10-05T01:37:19.690Z", "user": 1, "content_type": 8, "object_id": "12", "object_repr": "Course object (12)", "action_flag": 1, "change_message": "[{\"added\": {}}]"}}, {"model": "admin.logentry", "pk": 24, "fields": {"action_time": "2020-10-05T01:38:24.624Z", "user": 1, "content_type": 8, "object_id": "13", "object_repr": "Course object (13)", "action_flag": 1, "change_message": "[{\"added\": {}}]"}}, {"model": "admin.logentry", "pk": 25, "fields": {"action_time": "2020-10-05T01:38:48.479Z", "user": 1, "content_type": 8, "object_id": "14", "object_repr": "Course object (14)", "action_flag": 1, "change_message": "[{\"added\": {}}]"}}, {"model": "admin.logentry", "pk": 26, "fields": {"action_time": "2020-10-05T01:39:13.787Z", "user": 1, "content_type": 8, "object_id": "15", "object_repr": "Course object (15)", "action_flag": 1, "change_message": "[{\"added\": {}}]"}}, {"model": "admin.logentry", "pk": 27, "fields": {"action_time": "2020-10-05T01:39:36.121Z", "user": 1, "content_type": 8, "object_id": "16", "object_repr": "Course object (16)", "action_flag": 1, "change_message": "[{\"added\": {}}]"}}, {"model": "admin.logentry", "pk": 28, "fields": {"action_time": "2020-10-05T01:40:00.115Z", "user": 1, "content_type": 8, "object_id": "17", "object_repr": "Course object (17)", "action_flag": 1, "change_message": "[{\"added\": {}}]"}}, {"model": "admin.logentry", "pk": 29, "fields": {"action_time": "2020-10-11T22:24:06.998Z", "user": 1, "content_type": 9, "object_id": "2", "object_repr": "john", "action_flag": 1, "change_message": "[{\"added\": {}}]"}}, {"model": "admin.logentry", "pk": 30, "fields": {"action_time": "2020-10-11T22:25:07.162Z", "user": 1, "content_type": 9, "object_id": "3", "object_repr": "mary", "action_flag": 1, "change_message": "[{\"added\": {}}]"}}, {"model": "admin.logentry", "pk": 31, "fields": {"action_time": "2020-10-11T22:26:10.156Z", "user": 1, "content_type": 9, "object_id": "4", "object_repr": "alan", "action_flag": 1, "change_message": "[{\"added\": {}}]"}}, {"model": "admin.logentry", "pk": 32, "fields": {"action_time": "2020-10-11T22:26:52.946Z", "user": 1, "content_type": 9, "object_id": "5", "object_repr": "josh", "action_flag": 1, "change_message": "[{\"added\": {}}]"}}, {"model": "admin.logentry", "pk": 33, "fields": {"action_time": "2020-10-11T22:27:39.018Z", "user": 1, "content_type": 9, "object_id": "6", "object_repr": "chris", "action_flag": 1, "change_message": "[{\"added\": {}}]"}}, {"model": "admin.logentry", "pk": 34, "fields": {"action_time": "2020-10-11T22:27:55.983Z", "user": 1, "content_type": 9, "object_id": "2", "object_repr": "john", "action_flag": 2, "change_message": "[{\"changed\": {\"fields\": [\"Address\"]}}]"}}, {"model": "admin.logentry", "pk": 35, "fields": {"action_time": "2020-10-11T22:28:13.756Z", "user": 1, "content_type": 9, "object_id": "3", "object_repr": "mary", "action_flag": 2, "change_message": "[{\"changed\": {\"fields\": [\"Address\"]}}]"}}, {"model": "admin.logentry", "pk": 36, "fields": {"action_time": "2020-10-11T22:30:25.586Z", "user": 1, "content_type": 10, "object_id": "1", "object_repr": "Order object (1)", "action_flag": 1, "change_message": "[{\"added\": {}}]"}}, {"model": "admin.logentry", "pk": 37, "fields": {"action_time": "2020-10-11T22:30:47.540Z", "user": 1, "content_type": 10, "object_id": "2", "object_repr": "Order object (2)", "action_flag": 1, "change_message": "[{\"added\": {}}]"}}, {"model": "admin.logentry", "pk": 38, "fields": {"action_time": "2020-10-11T22:31:05.681Z", "user": 1, "content_type": 10, "object_id": "3", "object_repr": "Order object (3)", "action_flag": 1, "change_message": "[{\"added\": {}}]"}}, {"model": "admin.logentry", "pk": 39, "fields": {"action_time": "2020-10-11T22:49:21.342Z", "user": 1, "content_type": 10, "object_id": "3", "object_repr": "Order object (3)", "action_flag": 2, "change_message": "[]"}}, {"model": "admin.logentry", "pk": 40, "fields": {"action_time": "2020-11-23T01:27:14.473Z", "user": 1, "content_type": 10, "object_id": "4", "object_repr": "Order object (4)", "action_flag": 3, "change_message": ""}}, {"model": "admin.logentry", "pk": 41, "fields": {"action_time": "2020-11-23T01:30:41.791Z", "user": 1, "content_type": 10, "object_id": "5", "object_repr": "Order object (5)", "action_flag": 3, "change_message": ""}}, {"model": "admin.logentry", "pk": 42, "fields": {"action_time": "2020-11-29T23:52:19.859Z", "user": 1, "content_type": 9, "object_id": "6", "object_repr": "chris", "action_flag": 2, "change_message": "[{\"changed\": {\"fields\": [\"Staff status\"]}}]"}}, {"model": "admin.logentry", "pk": 43, "fields": {"action_time": "2020-11-29T23:54:12.081Z", "user": 1, "content_type": 4, "object_id": "6", "object_repr": "chris", "action_flag": 2, "change_message": "[]"}}, {"model": "admin.logentry", "pk": 44, "fields": {"action_time": "2020-12-11T10:08:10.361Z", "user": 1, "content_type": 8, "object_id": "17", "object_repr": "Swimming Guide for Beginners", "action_flag": 2, "change_message": "[{\"changed\": {\"fields\": [\"Price\"]}}]"}}, {"model": "admin.logentry", "pk": 45, "fields": {"action_time": "2020-12-11T10:08:59.277Z", "user": 1, "content_type": 8, "object_id": "13", "object_repr": "Leadership Skills", "action_flag": 2, "change_message": "[{\"changed\": {\"fields\": [\"Price\"]}}]"}}, {"model": "admin.logentry", "pk": 46, "fields": {"action_time": "2020-12-12T22:19:12.885Z", "user": 1, "content_type": 4, "object_id": "6", "object_repr": "chris", "action_flag": 2, "change_message": "[{\"changed\": {\"fields\": [\"Superuser status\"]}}]"}}, {"model": "admin.logentry", "pk": 47, "fields": {"action_time": "2020-12-12T22:24:01.309Z", "user": 1, "content_type": 4, "object_id": "7", "object_repr": "jaydev", "action_flag": 3, "change_message": ""}}, {"model": "admin.logentry", "pk": 48, "fields": {"action_time": "2020-12-12T22:28:42.334Z", "user": 1, "content_type": 4, "object_id": "8", "object_repr": "jaydev", "action_flag": 3, "change_message": ""}}, {"model": "admin.logentry", "pk": 49, "fields": {"action_time": "2020-12-12T22:32:03.910Z", "user": 1, "content_type": 4, "object_id": "9", "object_repr": "jaydev", "action_flag": 3, "change_message": ""}}, {"model": "admin.logentry", "pk": 50, "fields": {"action_time": "2020-12-12T22:41:31.436Z", "user": 1, "content_type": 4, "object_id": "10", "object_repr": "jaydev", "action_flag": 3, "change_message": ""}}, {"model": "admin.logentry", "pk": 51, "fields": {"action_time": "2020-12-12T22:43:14.991Z", "user": 1, "content_type": 4, "object_id": "11", "object_repr": "jaydev", "action_flag": 2, "change_message": "[{\"changed\": {\"fields\": [\"First name\", \"Last name\"]}}]"}}, {"model": "admin.logentry", "pk": 52, "fields": {"action_time": "2020-12-12T22:43:28.602Z", "user": 1, "content_type": 10, "object_id": "12", "object_repr": "Order object (12)", "action_flag": 1, "change_message": "[{\"added\": {}}]"}}, {"model": "admin.logentry", "pk": 53, "fields": {"action_time": "2020-12-12T23:04:50.565Z", "user": 1, "content_type": 9, "object_id": "12", "object_repr": "abcd", "action_flag": 3, "change_message": ""}}, {"model": "admin.logentry", "pk": 54, "fields": {"action_time": "2020-12-12T23:12:39.987Z", "user": 1, "content_type": 9, "object_id": "13", "object_repr": "abcd", "action_flag": 3, "change_message": ""}}, {"model": "admin.logentry", "pk": 55, "fields": {"action_time": "2020-12-12T23:14:32.994Z", "user": 1, "content_type": 9, "object_id": "14", "object_repr": "abcd", "action_flag": 3, "change_message": ""}}, {"model": "admin.logentry", "pk": 56, "fields": {"action_time": "2020-12-12T23:17:08.132Z", "user": 1, "content_type": 9, "object_id": "15", "object_repr": "abcd", "action_flag": 3, "change_message": ""}}, {"model": "admin.logentry", "pk": 57, "fields": {"action_time": "2020-12-12T23:17:56.201Z", "user": 1, "content_type": 9, "object_id": "16", "object_repr": "abcd", "action_flag": 3, "change_message": ""}}, {"model": "admin.logentry", "pk": 58, "fields": {"action_time": "2020-12-12T23:19:43.850Z", "user": 1, "content_type": 9, "object_id": "17", "object_repr": "abcd", "action_flag": 3, "change_message": ""}}, {"model": "admin.logentry", "pk": 59, "fields": {"action_time": "2020-12-13T02:28:02.238Z", "user": 1, "content_type": 4, "object_id": "11", "object_repr": "jaydev", "action_flag": 3, "change_message": ""}}, {"model": "admin.logentry", "pk": 60, "fields": {"action_time": "2020-12-13T02:30:14.441Z", "user": 1, "content_type": 4, "object_id": "20", "object_repr": "jaydev", "action_flag": 3, "change_message": ""}}, {"model": "auth.permission", "pk": 1, "fields": {"name": "Can add log entry", "content_type": 1, "codename": "add_logentry"}}, {"model": "auth.permission", "pk": 2, "fields": {"name": "Can change log entry", "content_type": 1, "codename": "change_logentry"}}, {"model": "auth.permission", "pk": 3, "fields": {"name": "Can delete log entry", "content_type": 1, "codename": "delete_logentry"}}, {"model": "auth.permission", "pk": 4, "fields": {"name": "Can view log entry", "content_type": 1, "codename": "view_logentry"}}, {"model": "auth.permission", "pk": 5, "fields": {"name": "Can add permission", "content_type": 2, "codename": "add_permission"}}, {"model": "auth.permission", "pk": 6, "fields": {"name": "Can change permission", "content_type": 2, "codename": "change_permission"}}, {"model": "auth.permission", "pk": 7, "fields": {"name": "Can delete permission", "content_type": 2, "codename": "delete_permission"}}, {"model": "auth.permission", "pk": 8, "fields": {"name": "Can view permission", "content_type": 2, "codename": "view_permission"}}, {"model": "auth.permission", "pk": 9, "fields": {"name": "Can add group", "content_type": 3, "codename": "add_group"}}, {"model": "auth.permission", "pk": 10, "fields": {"name": "Can change group", "content_type": 3, "codename": "change_group"}}, {"model": "auth.permission", "pk": 11, "fields": {"name": "Can delete group", "content_type": 3, "codename": "delete_group"}}, {"model": "auth.permission", "pk": 12, "fields": {"name": "Can view group", "content_type": 3, "codename": "view_group"}}, {"model": "auth.permission", "pk": 13, "fields": {"name": "Can add user", "content_type": 4, "codename": "add_user"}}, {"model": "auth.permission", "pk": 14, "fields": {"name": "Can change user", "content_type": 4, "codename": "change_user"}}, {"model": "auth.permission", "pk": 15, "fields": {"name": "Can delete user", "content_type": 4, "codename": "delete_user"}}, {"model": "auth.permission", "pk": 16, "fields": {"name": "Can view user", "content_type": 4, "codename": "view_user"}}, {"model": "auth.permission", "pk": 17, "fields": {"name": "Can add content type", "content_type": 5, "codename": "add_contenttype"}}, {"model": "auth.permission", "pk": 18, "fields": {"name": "Can change content type", "content_type": 5, "codename": "change_contenttype"}}, {"model": "auth.permission", "pk": 19, "fields": {"name": "Can delete content type", "content_type": 5, "codename": "delete_contenttype"}}, {"model": "auth.permission", "pk": 20, "fields": {"name": "Can view content type", "content_type": 5, "codename": "view_contenttype"}}, {"model": "auth.permission", "pk": 21, "fields": {"name": "Can add session", "content_type": 6, "codename": "add_session"}}, {"model": "auth.permission", "pk": 22, "fields": {"name": "Can change session", "content_type": 6, "codename": "change_session"}}, {"model": "auth.permission", "pk": 23, "fields": {"name": "Can delete session", "content_type": 6, "codename": "delete_session"}}, {"model": "auth.permission", "pk": 24, "fields": {"name": "Can view session", "content_type": 6, "codename": "view_session"}}, {"model": "auth.permission", "pk": 25, "fields": {"name": "Can add topic", "content_type": 7, "codename": "add_topic"}}, {"model": "auth.permission", "pk": 26, "fields": {"name": "Can change topic", "content_type": 7, "codename": "change_topic"}}, {"model": "auth.permission", "pk": 27, "fields": {"name": "Can delete topic", "content_type": 7, "codename": "delete_topic"}}, {"model": "auth.permission", "pk": 28, "fields": {"name": "Can view topic", "content_type": 7, "codename": "view_topic"}}, {"model": "auth.permission", "pk": 29, "fields": {"name": "Can add course", "content_type": 8, "codename": "add_course"}}, {"model": "auth.permission", "pk": 30, "fields": {"name": "Can change course", "content_type": 8, "codename": "change_course"}}, {"model": "auth.permission", "pk": 31, "fields": {"name": "Can delete course", "content_type": 8, "codename": "delete_course"}}, {"model": "auth.permission", "pk": 32, "fields": {"name": "Can view course", "content_type": 8, "codename": "view_course"}}, {"model": "auth.permission", "pk": 33, "fields": {"name": "Can add user", "content_type": 9, "codename": "add_student"}}, {"model": "auth.permission", "pk": 34, "fields": {"name": "Can change user", "content_type": 9, "codename": "change_student"}}, {"model": "auth.permission", "pk": 35, "fields": {"name": "Can delete user", "content_type": 9, "codename": "delete_student"}}, {"model": "auth.permission", "pk": 36, "fields": {"name": "Can view user", "content_type": 9, "codename": "view_student"}}, {"model": "auth.permission", "pk": 37, "fields": {"name": "Can add order", "content_type": 10, "codename": "add_order"}}, {"model": "auth.permission", "pk": 38, "fields": {"name": "Can change order", "content_type": 10, "codename": "change_order"}}, {"model": "auth.permission", "pk": 39, "fields": {"name": "Can delete order", "content_type": 10, "codename": "delete_order"}}, {"model": "auth.permission", "pk": 40, "fields": {"name": "Can view order", "content_type": 10, "codename": "view_order"}}, {"model": "auth.permission", "pk": 41, "fields": {"name": "Can add review", "content_type": 11, "codename": "add_review"}}, {"model": "auth.permission", "pk": 42, "fields": {"name": "Can change review", "content_type": 11, "codename": "change_review"}}, {"model": "auth.permission", "pk": 43, "fields": {"name": "Can delete review", "content_type": 11, "codename": "delete_review"}}, {"model": "auth.permission", "pk": 44, "fields": {"name": "Can view review", "content_type": 11, "codename": "view_review"}}, {"model": "auth.user", "pk": 1, "fields": {"password": "pbkdf2_sha256$216000$mx6Z70fL5qtk$fqWBlWQEgLeuC7O9/041ESA4En/K0xHhO/F11efU4TI=", "last_login": "2020-12-13T02:57:03.263Z", "is_superuser": true, "username": "admin", "first_name": "", "last_name": "", "email": "jaydevdesai15@gmail.com", "is_staff": true, "is_active": true, "date_joined": "2020-10-05T00:26:49.529Z", "groups": [], "user_permissions": []}}, {"model": "auth.user", "pk": 2, "fields": {"password": "john1234", "last_login": null, "is_superuser": false, "username": "john", "first_name": "John", "last_name": "Smith", "email": "", "is_staff": false, "is_active": true, "date_joined": "2020-10-11T22:18:24Z", "groups": [], "user_permissions": []}}, {"model": "auth.user", "pk": 3, "fields": {"password": "mary1234", "last_login": null, "is_superuser": false, "username": "mary", "first_name": "Mary", "last_name": "Jones", "email": "", "is_staff": false, "is_active": true, "date_joined": "2020-10-11T22:24:07Z", "groups": [], "user_permissions": []}}, {"model": "auth.user", "pk": 4, "fields": {"password": "alan1234", "last_login": null, "is_superuser": false, "username": "alan", "first_name": "Alan", "last_name": "George", "email": "", "is_staff": false, "is_active": true, "date_joined": "2020-10-11T22:25:07Z", "groups": [], "user_permissions": []}}, {"model": "auth.user", "pk": 5, "fields": {"password": "josh1234", "last_login": null, "is_superuser": false, "username": "josh", "first_name": "Josh", "last_name": "Jones", "email": "", "is_staff": false, "is_active": true, "date_joined": "2020-10-11T22:26:10Z", "groups": [], "user_permissions": []}}, {"model": "auth.user", "pk": 6, "fields": {"password": "chris1234", "last_login": null, "is_superuser": true, "username": "chris", "first_name": "Chris", "last_name": "Hall", "email": "", "is_staff": true, "is_active": true, "date_joined": "2020-10-11T22:26:53Z", "groups": [], "user_permissions": []}}, {"model": "auth.user", "pk": 18, "fields": {"password": "pbkdf2_sha256$216000$r0tX0iFOPACR$/5b1Xceq64VPm3hUBy6MiYtkgK/9i85+3w8zodgCigI=", "last_login": "2020-12-13T01:43:21.751Z", "is_superuser": false, "username": "abcd", "first_name": "abcd", "last_name": "def", "email": "", "is_staff": false, "is_active": true, "date_joined": "2020-12-12T23:19:55.319Z", "groups": [], "user_permissions": []}}, {"model": "auth.user", "pk": 19, "fields": {"password": "pbkdf2_sha256$216000$VotYqQg9oKdR$XBVG77swkBJN7Bu4M7O7XHhf5q3m7Iwl+YDE45N6H+I=", "last_login": "2020-12-13T02:19:04.881Z", "is_superuser": false, "username": "jaydevdesai", "first_name": "Jaydev", "last_name": "Desai", "email": "desai81@uwindsor.ca", "is_staff": false, "is_active": true, "date_joined": "2020-12-13T02:19:03.073Z", "groups": [], "user_permissions": []}}, {"model": "auth.user", "pk": 21, "fields": {"password": "pbkdf2_sha256$216000$Zg0tm0iIPEGd$v0zGSscM4QkcGRhw9w8r9VMqhWG1csxpvFufs2Uiq58=", "last_login": "2020-12-13T02:42:36.267Z", "is_superuser": false, "username": "jaydev", "first_name": "Jaydev", "last_name": "Desai", "email": "", "is_staff": false, "is_active": true, "date_joined": "2020-12-13T02:30:53.387Z", "groups": [], "user_permissions": []}}, {"model": "auth.user", "pk": 22, "fields": {"password": "pbkdf2_sha256$216000$oxfwbJKSb0fp$edXofOkbYcTeV7d++QyL0B/MV0sQLxCj0DTL79aK/eE=", "last_login": "2020-12-13T02:34:24.828Z", "is_superuser": false, "username": "abc", "first_name": "", "last_name": "", "email": "", "is_staff": false, "is_active": true, "date_joined": "2020-12-13T02:34:23.204Z", "groups": [], "user_permissions": []}}, {"model": "contenttypes.contenttype", "pk": 1, "fields": {"app_label": "admin", "model": "logentry"}}, {"model": "contenttypes.contenttype", "pk": 2, "fields": {"app_label": "auth", "model": "permission"}}, {"model": "contenttypes.contenttype", "pk": 3, "fields": {"app_label": "auth", "model": "group"}}, {"model": "contenttypes.contenttype", "pk": 4, "fields": {"app_label": "auth", "model": "user"}}, {"model": "contenttypes.contenttype", "pk": 5, "fields": {"app_label": "contenttypes", "model": "contenttype"}}, {"model": "contenttypes.contenttype", "pk": 6, "fields": {"app_label": "sessions", "model": "session"}}, {"model": "contenttypes.contenttype", "pk": 7, "fields": {"app_label": "myapp", "model": "topic"}}, {"model": "contenttypes.contenttype", "pk": 8, "fields": {"app_label": "myapp", "model": "course"}}, {"model": "contenttypes.contenttype", "pk": 9, "fields": {"app_label": "myapp", "model": "student"}}, {"model": "contenttypes.contenttype", "pk": 10, "fields": {"app_label": "myapp", "model": "order"}}, {"model": "contenttypes.contenttype", "pk": 11, "fields": {"app_label": "myapp", "model": "review"}}, {"model": "sessions.session", "pk": "0ezln5642vqpoh4x3c8sts86twra14bx", "fields": {"session_data": ".eJxVjDsOwjAQRO_iGll2kl07lPQ5Q7S7tnEA2VI-FeLuJFIKKGfem3mrkbY1j9sS53EK6qqsuvx2TPKM5QDhQeVetdSyzhPrQ9EnXfRQQ3zdTvfvINOS97XvE_aELbI4sU0C6ZDJMzjxBIAN77ETEkgoARmMsQYgtELOoCH1-QLwJDgj:1kPEWX:4WEzRG640To3ZRiGavhcgdxzpkWzGYk_SXKDCNu5DEs", "expire_date": "2020-10-19T00:38:41.710Z"}}, {"model": "sessions.session", "pk": "377qc2nlb4ffe5j2clgz0d35qn23aqvz", "fields": {"session_data": "e30:1koFAz:T1S4G-0ZwjTDKBiTpIhy3vRcMxc3JX2MD3aBsrIWZwo", "expire_date": "2020-12-27T00:23:49.692Z"}}, {"model": "sessions.session", "pk": "5dpswpq5tjfsalnhx2s14r9w7lflnpg5", "fields": {"session_data": "e30:1koF67:hvL7TPqskxG21sUQh18TKxYjCxkRsbjlmXvZMIclqwU", "expire_date": "2020-12-27T00:18:47.980Z"}}, {"model": "sessions.session", "pk": "5qzi9k5rgrs3r7cfbdsi4dkauh5s4aq2", "fields": {"session_data": "e30:1koF7Q:yu3BTdQ6NtLEJ5KS92QTP1eOiG5oppj1T3xG2fLIyXU", "expire_date": "2020-12-27T00:20:08.904Z"}}, {"model": "sessions.session", "pk": "5xjp8soxhbg25qrwkzu67hqw0fhqjff0", "fields": {"session_data": ".eJxVjUEOwiAURO_C2hBoC7RduvcM5POhFjVg-qnRGO8uTbrQ5cy8mXkzC2uZ7UphsdGzkUl2-PUc4DWkLfAXSOfMMaeyRMc3hO8p8VP24Xbc2b-BGWiu7X6Y9AC61Q4NymZS2GkHvVMGe1BKN67KDgHVpNFrp4SQQinfIhihBdRRcHkt9hEpFmKjNPWGAlHMyYbnPS4vNrZCfL7QS0Xx:1kjWkU:RCB70r3ZLA-Va1KxKCRVrGXnk6PUg5v1MUGY7AHcZjU", "expire_date": "2020-11-30T00:13:58.991Z"}}, {"model": "sessions.session", "pk": "7tcogouva5r4854jnnvs5ptmolyvjf8h", "fields": {"session_data": "e30:1koFAO:pfcvxN_niMrLYkSfLIAmhW5uzihneNaASQ8bcLCqRyY", "expire_date": "2020-12-27T00:23:12.550Z"}}, {"model": "sessions.session", "pk": "9wfkacc8zjyqz8t2lywy1m66m0l0hh2f", "fields": {"session_data": ".eJxVjDsOwjAQRO_iGll2kl07lPQ5Q7S7tnEA2VI-FeLuJFIKKGfem3mrkbY1j9sS53EK6qqsuvx2TPKM5QDhQeVetdSyzhPrQ9EnXfRQQ3zdTvfvINOS97XvE_aELbI4sU0C6ZDJMzjxBIAN77ETEkgoARmMsQYgtELOoCH1-QLwJDgj:1kUYem:CHUWU9JXhP6xNwBaMl34CWK3s55JqfPaxYcYMk_jrrU", "expire_date": "2020-11-02T17:09:12.735Z"}}, {"model": "sessions.session", "pk": "ctx9qzpbbzz3zwfjoyw6r255b85pnrmf", "fields": {"session_data": "e30:1koFKB:odwhD0UpW8Opr9Y-wmvjQSPJSm_0xcWkj9-0oc085CQ", "expire_date": "2020-12-27T00:33:19.062Z"}}, {"model": "sessions.session", "pk": "e0pwm5sgmq1votoo66zqgck5irp0h4f4", "fields": {"session_data": "e30:1koEjU:ZHkmyQ4EHQo7ByD_5m2pBIPl9bh1MGn-fpZ0e0qU3A0", "expire_date": "2020-12-26T23:55:24.907Z"}}, {"model": "sessions.session", "pk": "eaok5lvvxc0206ocka8fc8gkywz64qj6", "fields": {"session_data": "e30:1koExD:TeGV7YPk8tagZGHZlYutZj8JzuFyznL1INwUdAQtZus", "expire_date": "2020-12-27T00:09:35.078Z"}}, {"model": "sessions.session", "pk": "hpo0fdx2lpqxwtl33a58uivb05ptnlbz", "fields": {"session_data": "eyJhYm91dF92aXNpdHMiOjEsIl9zZXNzaW9uX2V4cGlyeSI6MzAwfQ:1koGa9:G0MEAQmkFWWnPlHUgSUViG12nga7O9Q0Mqiqb-TAt7A", "expire_date": "2020-12-13T01:58:53.683Z"}}, {"model": "sessions.session", "pk": "jciwyay914wpcjt4hhzrf16xkq7a8836", "fields": {"session_data": "e30:1koEno:9AKm-hhK3Gky4_23NJSCum7C5iFhsnQH3aNSHvob4s8", "expire_date": "2020-12-26T23:59:52.756Z"}}, {"model": "sessions.session", "pk": "pv9q2jj3h0afd22v9h1ekqt9kbjdytg0", "fields": {"session_data": ".eJxVjDsOwjAQRO_iGll2kl07lPQ5Q7S7tnEA2VI-FeLuJFIKKGfem3mrkbY1j9sS53EK6qqsuvx2TPKM5QDhQeVetdSyzhPrQ9EnXfRQQ3zdTvfvINOS97XvE_aELbI4sU0C6ZDJMzjxBIAN77ETEkgoARmMsQYgtELOoCH1-QLwJDgj:1kjVw2:97k13X_ZSvbdQaqgQ3O0uBJYZ9PwLm1yWGLQvE6s_eg", "expire_date": "2020-12-13T23:16:50.555Z"}}, {"model": "sessions.session", "pk": "skxkai126b65hzfs2qcb44fvy2rj479j", "fields": {"session_data": "e30:1koF2z:8uJX4fsn-lAZLXrG89fOj3aQxg35T52HWxuRvM8kjso", "expire_date": "2020-12-27T00:15:33.818Z"}}, {"model": "sessions.session", "pk": "ts08811ysc8pgczmjygs0e2gcuokhe0k", "fields": {"session_data": "e30:1koEw4:TUxIdUediT09mc9PWLHHBbAM8KjwqxgXnVAJmi-wews", "expire_date": "2020-12-27T00:08:24.114Z"}}, {"model": "sessions.session", "pk": "zafpbrghzxsmahclauw911r4cu9s7n1y", "fields": {"session_data": ".eJxVjDsOwjAQRO_iGll2kl07lPQ5Q7S7tnEA2VI-FeLuJFIKKGfem3mrkbY1j9sS53EK6qqsuvx2TPKM5QDhQeVetdSyzhPrQ9EnXfRQQ3zdTvfvINOS97XvE_aELbI4sU0C6ZDJMzjxBIAN77ETEkgoARmMsQYgtELOoCH1-QLwJDgj:1koHZH:MVwd3PWCQ3uOqurblC6twjAso75J5TSPZZOFn5lXy-8", "expire_date": "2020-12-27T02:57:03.378Z"}}, {"model": "myapp.topic", "pk": 1, "fields": {"name": "Web Development", "length": 12}}, {"model": "myapp.topic", "pk": 2, "fields": {"name": "Management", "length": 12}}, {"model": "myapp.topic", "pk": 3, "fields": {"name": "IT Certification", "length": 12}}, {"model": "myapp.topic", "pk": 4, "fields": {"name": "Sports", "length": 12}}, {"model": "myapp.topic", "pk": 5, "fields": {"name": "Economics", "length": 12}}, {"model": "myapp.course", "pk": 1, "fields": {"title": "CCNA", "topic": 3, "price": "16199.10", "for_everyone": false, "description": "", "num_reviews": 1}}, {"model": "myapp.course", "pk": 2, "fields": {"title": "AWS", "topic": 3, "price": "9719.10", "for_everyone": true, "description": "", "num_reviews": 0}}, {"model": "myapp.course", "pk": 3, "fields": {"title": "CompTIA Security", "topic": 3, "price": "11339.10", "for_everyone": false, "description": "", "num_reviews": 0}}, {"model": "myapp.course", "pk": 4, "fields": {"title": "Oracle SQL", "topic": 3, "price": "12959.10", "for_everyone": true, "description": "", "num_reviews": 0}}, {"model": "myapp.course", "pk": 5, "fields": {"title": "Microeconomics", "topic": 5, "price": "16199.10", "for_everyone": false, "description": "", "num_reviews": 0}}, {"model": "myapp.course", "pk": 6, "fields": {"title": "Introduction to Economics", "topic": 5, "price": "14174.10", "for_everyone": true, "description": "", "num_reviews": 0}}, {"model": "myapp.course", "pk": 7, "fields": {"title": "Global Economics", "topic": 5, "price": "12149.10", "for_everyone": true, "description": "", "num_reviews": 0}}, {"model": "myapp.course", "pk": 8, "fields": {"title": "Web Dev Bootcamp", "topic": 1, "price": "16199.10", "for_everyone": true, "description": "", "num_reviews": 0}}, {"model": "myapp.course", "pk": 9, "fields": {"title": "Web Design", "topic": 1, "price": "12959.10", "for_everyone": false, "description": "", "num_reviews": 0}}, {"model": "myapp.course", "pk": 10, "fields": {"title": "Web Development Mastercalss", "topic": 1, "price": "10124.10", "for_everyone": true, "description": "", "num_reviews": 0}}, {"model": "myapp.course", "pk": 11, "fields": {"title": "Build Responsive Websites", "topic": 1, "price": "12149.10", "for_everyone": true, "description": "", "num_reviews": 0}}, {"model": "myapp.course", "pk": 12, "fields": {"title": "Innovation For Business", "topic": 2, "price": "14174.10", "for_everyone": true, "description": "", "num_reviews": 0}}, {"model": "myapp.course", "pk": 13, "fields": {"title": "Leadership Skills", "topic": 2, "price": "10000.00", "for_everyone": true, "description": "", "num_reviews": 0}}, {"model": "myapp.course", "pk": 14, "fields": {"title": "Project Management", "topic": 2, "price": "12149.10", "for_everyone": true, "description": "", "num_reviews": 1}}, {"model": "myapp.course", "pk": 15, "fields": {"title": "Sports Psychology", "topic": 4, "price": "14174.10", "for_everyone": true, "description": "", "num_reviews": 0}}, {"model": "myapp.course", "pk": 16, "fields": {"title": "Introduction to Soccer", "topic": 4, "price": "10934.10", "for_everyone": true, "description": "", "num_reviews": 0}}, {"model": "myapp.course", "pk": 17, "fields": {"title": "Swimming Guide for Beginners", "topic": 4, "price": "8010.00", "for_everyone": true, "description": "", "num_reviews": 0}}, {"model": "myapp.student", "pk": 2, "fields": {"level": "HS", "address": "123 University Avenue", "province": "ON", "user_image": "", "registered_courses": [2, 4, 8], "interested_in": [1, 2, 3]}}, {"model": "myapp.student", "pk": 3, "fields": {"level": "UG", "address": "235 Sunset Avenue", "province": "BC", "user_image": "", "registered_courses": [], "interested_in": [2, 5]}}, {"model": "myapp.student", "pk": 4, "fields": {"level": "ND", "address": "306 Prince Street", "province": "AB", "user_image": "", "registered_courses": [2, 3, 6, 7, 9, 10], "interested_in": [2, 3, 4]}}, {"model": "myapp.student", "pk": 5, "fields": {"level": "PG", "address": "442 Sunset Avenue", "province": "QC", "user_image": "", "registered_courses": [], "interested_in": [3, 4, 5]}}, {"model": "myapp.student", "pk": 6, "fields": {"level": "HS", "address": "987 King Street", "province": "ON", "user_image": "", "registered_courses": [5, 11], "interested_in": [1]}}, {"model": "myapp.student", "pk": 18, "fields": {"level": "PG", "address": "1910 Purcell Drive", "province": "ON", "user_image": "", "registered_courses": [1, 2, 3, 4, 5, 6], "interested_in": [1, 2, 3]}}, {"model": "myapp.student", "pk": 19, "fields": {"level": "PG", "address": "1910, Purcell Dr", "province": "ON", "user_image": "", "registered_courses": [2, 3, 4], "interested_in": [1, 3]}}, {"model": "myapp.student", "pk": 21, "fields": {"level": "UG", "address": "1910, Purcell Dr", "province": "ON", "user_image": "images/download_rl2PTWX.jpg", "registered_courses": [1, 2], "interested_in": [1, 3]}}, {"model": "myapp.student", "pk": 22, "fields": {"level": "UG", "address": "", "province": "ON", "user_image": "images/download_9oxgTnT.jpg", "registered_courses": [2, 3], "interested_in": [1]}}, {"model": "myapp.order", "pk": 1, "fields": {"student": 2, "order_status": 1, "courses": [4, 8]}}, {"model": "myapp.order", "pk": 2, "fields": {"student": 4, "order_status": 1, "courses": [2]}}, {"model": "myapp.order", "pk": 3, "fields": {"student": 6, "order_status": 1, "courses": [5, 11]}}, {"model": "myapp.order", "pk": 6, "fields": {"student": 4, "order_status": 1, "courses": [2, 9, 10]}}, {"model": "myapp.order", "pk": 7, "fields": {"student": 2, "order_status": 1, "courses": [2]}}, {"model": "myapp.order", "pk": 8, "fields": {"student": 2, "order_status": 1, "courses": [2]}}, {"model": "myapp.order", "pk": 9, "fields": {"student": 2, "order_status": 1, "courses": [2]}}, {"model": "myapp.order", "pk": 10, "fields": {"student": 4, "order_status": 1, "courses": [6]}}, {"model": "myapp.order", "pk": 11, "fields": {"student": 4, "order_status": 1, "courses": [3, 7, 10]}}, {"model": "myapp.order", "pk": 13, "fields": {"student": 18, "order_status": 1, "courses": [4, 5, 6]}}, {"model": "myapp.review", "pk": 1, "fields": {"reviewer": "jaydevdesai15@gmail.com", "course": 1, "rating": 2, "comments": "Good", "date": "2020-11-23"}}, {"model": "myapp.review", "pk": 2, "fields": {"reviewer": "jaydevdesai15@gmail.com", "course": 14, "rating": 2, "comments": "Better", "date": "2020-11-23"}}]